Workbook

Sheet Notes
A1: UK electricity - will demand overtake supply by 2040?
A3: Data: DUKES 'Electricity since 1920' (gov.uk), supply/availability/consumption table, in TWh. Using electricity supplied (net) and total electricity consumed.
A4: 1986/87 is where the series changes basis (see Data tab).
A6: What I did:
A7: - straight line fits for supply and consumption from 1965 (Model tab)
A8: - projected consumption to 2040
A9: - restarted supply from its trend value in 2021 and worked out how much slower it would have to grow to only just meet 2040 demand
A10: - Sensitivity tab tries different slowdowns
A11: - also tried cubic fits but they go silly outside the data so not using them
A13: Can change the end year on the Model tab - 2022 matches the original project, 2025 uses the newest data.
A15: ="Slowdown needed for a gap by "&Model!$C$7&": "&TEXT(Model!$C$29,"0.0%") -> Slowdown needed for a gap by 2040: 26.1%
A17: Problems: demand has actually been falling since about 2005 so the straight line overestimates it. Imports not counted in supply.

Sheet Data
A1: Year | B1: t (years since 1965) | C1: t^2 | D1: t^3 | E1: Electricity supplied (net), TWh | F1: Total electricity consumed, TWh
A2: 1965 | B2: =A2-1965 -> 0 | C2: =B2^2 -> 0 | D2: =B2^3 -> 0 | E2: 169.57 | F2: 154.71
A3: 1966 | B3: =A3-1965 -> 1 | C3: =B3^2 -> 1 | D3: =B3^3 -> 1 | E3: 175.38 | F3: 160.65
A4: 1967 | B4: =A4-1965 -> 2 | C4: =B4^2 -> 4 | D4: =B4^3 -> 8 | E4: 181.14 | F4: 165.75
A5: 1968 | B5: =A5-1965 -> 3 | C5: =B5^2 -> 9 | D5: =B5^3 -> 27 | E5: 193.56 | F5: 178.2
A6: 1969 | B6: =A6-1965 -> 4 | C6: =B6^2 -> 16 | D6: =B6^3 -> 64 | E6: 206.37 | F6: 189.86
A7: 1970 | B7: =A7-1965 -> 5 | C7: =B7^2 -> 25 | D7: =B7^3 -> 125 | E7: 215.76 | F7: 199
A8: 1971 | B8: =A8-1965 -> 6 | C8: =B8^2 -> 36 | D8: =B8^3 -> 216 | E8: 222.92 | F8: 204.56
A9: 1972 | B9: =A9-1965 -> 7 | C9: =B9^2 -> 49 | D9: =B9^3 -> 343 | E9: 229.45 | F9: 211.55
A10: 1973 | B10: =A10-1965 -> 8 | C10: =B10^2 -> 64 | D10: =B10^3 -> 512 | E10: 245.42 | F10: 226.48
A11: 1974 | B11: =A11-1965 -> 9 | C11: =B11^2 -> 81 | D11: =B11^3 -> 729 | E11: 237.21 | F11: 219.64
A12: 1975 | B12: =A12-1965 -> 10 | C12: =B12^2 -> 100 | D12: =B12^3 -> 1000 | E12: 237.76 | F12: 219.07
A13: 1976 | B13: =A13-1965 -> 11 | C13: =B13^2 -> 121 | D13: =B13^3 -> 1331 | E13: 240.22 | F13: 222
... A62: 2025 | B62: =A62-1965 -> 60 | C62: =B62^2 -> 3600 | D62: =B62^3 -> 216000 | E62: 278.8474 | F62: 280.2018
A64: Source: DESNZ, DUKES 'Electricity since 1920', Supply, Availability & Consumption table (TWh), published 30 Jul 2026.
A65: Series break (DUKES note 7): to 1986 covers major power producers, transport undertakings and industrial hydro/nuclear only; from 1987 all generating companies. 1986 uses the only figure published; 1987 uses the all-generators figure.

Sheet Model
B1: Model
B2: change the inputs at the top
B3: Inputs
B4: Fit window start year | C4: 1965 | D4: Data available 1965-2025
B5: Fit window end year | C5: 2022 | D5: 2022 = original, 2025 = latest
B6: Restart year | C6: 2021
B7: Target year | C7: 2040
B9: helper
B10: First data row for fit | C10: =MATCH(C4,Data!$A$2:$A$62,0) -> 1
B11: Number of years in fit | C11: =C5-C4+1 -> 58
B13: Linear trend: consumption (TWh = a + b*t, t = years since 1965)
B14: Slope b (TWh per year) | C14: =SLOPE(OFFSET(Data!$F$2,$C$10-1,0,$C$11,1),OFFSET(Data!$B$2,$C$10-1,0,$C$11,1)) -> 2.8191993
B15: Intercept a (TWh) | C15: =INTERCEPT(OFFSET(Data!$F$2,$C$10-1,0,$C$11,1),OFFSET(Data!$B$2,$C$10-1,0,$C$11,1)) -> 196.2656
B16: R squared | C16: =RSQ(OFFSET(Data!$F$2,$C$10-1,0,$C$11,1),OFFSET(Data!$B$2,$C$10-1,0,$C$11,1)) -> 0.70744236
B18: Linear trend: supply
B19: Slope b (TWh per year) | C19: =SLOPE(OFFSET(Data!$E$2,$C$10-1,0,$C$11,1),OFFSET(Data!$B$2,$C$10-1,0,$C$11,1)) -> 2.760829
B20: Intercept a (TWh) | C20: =INTERCEPT(OFFSET(Data!$E$2,$C$10-1,0,$C$11,1),OFFSET(Data!$B$2,$C$10-1,0,$C$11,1)) -> 214.33768
B21: R squared | C21: =RSQ(OFFSET(Data!$E$2,$C$10-1,0,$C$11,1),OFFSET(Data!$B$2,$C$10-1,0,$C$11,1)) -> 0.67117975
B23: Break-even analysis
B24: Trend consumption in target year (TWh) | C24: =C15+C14*(C7-1965) -> 407.70555
B25: Trend supply in rebase year (TWh) | C25: =C20+C19*(C6-1965) -> 368.94411
B26: Trend consumption in rebase year (TWh) | C26: =C15+C14*(C6-1965) -> 354.14076
B27: Break-even supply growth after rebase (TWh per year) | C27: =(C24-C25)/(C7-C6) -> 2.040076
B28: Fitted supply growth (TWh per year) | C28: =C19 -> 2.760829
B29: Slowdown needed for a gap | C29: =1-C27/C28 -> 0.26106398
B31: Year the trend lines cross (no slowdown) | C31: =IF(C14>C19,1965+(C20-C15)/(C14-C19),"No crossover") -> 2274.611 | D31: slopes almost the same so this jumps around a lot
B33: Cubic polynomial comparison (TWh = a + b*t + c*t^2 + d*t^3) | E33: LINEST coefficients: | F33: d (t^3) | G33: c (t^2) | H33: b (t) | I33: a
B34: Consumption: forecast for target year (TWh) | C34: =I34+H34*(C7-1965)+G34*(C7-1965)^2+F34*(C7-1965)^3 -> -55.500727 | E34: Consumption | F34: {=LINEST(OFFSET(Data!$F$2,$C$10-1,0,$C$11,1),OFFSET(Data!$B$2,$C$10-1,0,$C$11,3))} -> -0.0036056768 | G34: 0.2098691 | H34: 1.4609561 | I34: 175.55878
B35: Supply: forecast for target year (TWh) | C35: =I35+H35*(C7-1965)+G35*(C7-1965)^2+F35*(C7-1965)^3 -> -61.381266 | E35: Supply | F35: {=LINEST(OFFSET(Data!$E$2,$C$10-1,0,$C$11,1),OFFSET(Data!$B$2,$C$10-1,0,$C$11,3))} -> -0.0037753287 | G35: 0.22092312 | H35: 1.271453 | I35: 193.28401
B36: Cubic surplus (+) / shortfall (-) in target year (TWh) | C36: =C35-C34 -> -5.8805385
B37: both go negative by 2040 so ignoring these

Sheet Sensitivity
A1: Sensitivity: slowdown in supply growth after the rebase year
A4: Slowdown in supply growth | B4: Supply growth (TWh/yr) | C4: Supply in target year (TWh) | D4: Consumption in target year (TWh) | E4: Surplus (+) / shortfall (-) (TWh) | F4: Shortfall?
A5: 0 | B5: =Model!$C$28*(1-A5) -> 2.760829 | C5: =Model!$C$25+B5*(Model!$C$7-Model!$C$6) -> 421.39986 | D5: =Model!$C$24 -> 407.70555 | E5: =C5-D5 -> 13.694307 | F5: =IF(E5<0,"Yes","No") -> No
A6: 0.025 | B6: =Model!$C$28*(1-A6) -> 2.6918083 | C6: =Model!$C$25+B6*(Model!$C$7-Model!$C$6) -> 420.08846 | D6: =Model!$C$24 -> 407.70555 | E6: =C6-D6 -> 12.382913 | F6: =IF(E6<0,"Yes","No") -> No
A7: 0.05 | B7: =Model!$C$28*(1-A7) -> 2.6227876 | C7: =Model!$C$25+B7*(Model!$C$7-Model!$C$6) -> 418.77707 | D7: =Model!$C$24 -> 407.70555 | E7: =C7-D7 -> 11.071519 | F7: =IF(E7<0,"Yes","No") -> No
A8: 0.075 | B8: =Model!$C$28*(1-A8) -> 2.5537669 | C8: =Model!$C$25+B8*(Model!$C$7-Model!$C$6) -> 417.46568 | D8: =Model!$C$24 -> 407.70555 | E8: =C8-D8 -> 9.7601257 | F8: =IF(E8<0,"Yes","No") -> No
A9: 0.1 | B9: =Model!$C$28*(1-A9) -> 2.4847461 | C9: =Model!$C$25+B9*(Model!$C$7-Model!$C$6) -> 416.15428 | D9: =Model!$C$24 -> 407.70555 | E9: =C9-D9 -> 8.4487319 | F9: =IF(E9<0,"Yes","No") -> No
A10: 0.125 | B10: =Model!$C$28*(1-A10) -> 2.4157254 | C10: =Model!$C$25+B10*(Model!$C$7-Model!$C$6) -> 414.84289 | D10: =Model!$C$24 -> 407.70555 | E10: =C10-D10 -> 7.1373381 | F10: =IF(E10<0,"Yes","No") -> No
A11: 0.15 | B11: =Model!$C$28*(1-A11) -> 2.3467047 | C11: =Model!$C$25+B11*(Model!$C$7-Model!$C$6) -> 413.5315 | D11: =Model!$C$24 -> 407.70555 | E11: =C11-D11 -> 5.8259443 | F11: =IF(E11<0,"Yes","No") -> No
A12: 0.175 | B12: =Model!$C$28*(1-A12) -> 2.2776839 | C12: =Model!$C$25+B12*(Model!$C$7-Model!$C$6) -> 412.2201 | D12: =Model!$C$24 -> 407.70555 | E12: =C12-D12 -> 4.5145505 | F12: =IF(E12<0,"Yes","No") -> No
A13: 0.2 | B13: =Model!$C$28*(1-A13) -> 2.2086632 | C13: =Model!$C$25+B13*(Model!$C$7-Model!$C$6) -> 410.90871 | D13: =Model!$C$24 -> 407.70555 | E13: =C13-D13 -> 3.2031567 | F13: =IF(E13<0,"Yes","No") -> No
A14: 0.225 | B14: =Model!$C$28*(1-A14) -> 2.1396425 | C14: =Model!$C$25+B14*(Model!$C$7-Model!$C$6) -> 409.59731 | D14: =Model!$C$24 -> 407.70555 | E14: =C14-D14 -> 1.8917629 | F14: =IF(E14<0,"Yes","No") -> No
A15: 0.25 | B15: =Model!$C$28*(1-A15) -> 2.0706218 | C15: =Model!$C$25+B15*(Model!$C$7-Model!$C$6) -> 408.28592 | D15: =Model!$C$24 -> 407.70555 | E15: =C15-D15 -> 0.58036914 | F15: =IF(E15<0,"Yes","No") -> No
A16: 0.275 | B16: =Model!$C$28*(1-A16) -> 2.001601 | C16: =Model!$C$25+B16*(Model!$C$7-Model!$C$6) -> 406.97453 | D16: =Model!$C$24 -> 407.70555 | E16: =C16-D16 -> -0.73102465 | F16: =IF(E16<0,"Yes","No") -> Yes
... A21: 0.4 | B21: =Model!$C$28*(1-A21) -> 1.6564974 | C21: =Model!$C$25+B21*(Model!$C$7-Model!$C$6) -> 400.41756 | D21: =Model!$C$24 -> 407.70555 | E21: =C21-D21 -> -7.2879936 | F21: =IF(E21<0,"Yes","No") -> Yes
A23: Break-even slowdown (Model sheet): | C23: =Model!$C$29 -> 0.26106398

Sheet Forecast
A1: Year | B1: Actual supplied (TWh) | C1: Actual consumed (TWh) | D1: Linear trend: supply | E1: Linear trend: consumption | F1: Rebased supply at break-even growth
A2: 1965 | B2: =Data!E2 -> 169.57 | C2: =Data!F2 -> 154.71 | D2: =Model!$C$20+Model!$C$19*(A2-1965) -> 214.33768 | E2: =Model!$C$15+Model!$C$14*(A2-1965) -> 196.2656
A3: 1966 | B3: =Data!E3 -> 175.38 | C3: =Data!F3 -> 160.65 | D3: =Model!$C$20+Model!$C$19*(A3-1965) -> 217.09851 | E3: =Model!$C$15+Model!$C$14*(A3-1965) -> 199.0848
A4: 1967 | B4: =Data!E4 -> 181.14 | C4: =Data!F4 -> 165.75 | D4: =Model!$C$20+Model!$C$19*(A4-1965) -> 219.85934 | E4: =Model!$C$15+Model!$C$14*(A4-1965) -> 201.904
A5: 1968 | B5: =Data!E5 -> 193.56 | C5: =Data!F5 -> 178.2 | D5: =Model!$C$20+Model!$C$19*(A5-1965) -> 222.62017 | E5: =Model!$C$15+Model!$C$14*(A5-1965) -> 204.7232
A6: 1969 | B6: =Data!E6 -> 206.37 | C6: =Data!F6 -> 189.86 | D6: =Model!$C$20+Model!$C$19*(A6-1965) -> 225.381 | E6: =Model!$C$15+Model!$C$14*(A6-1965) -> 207.5424
A7: 1970 | B7: =Data!E7 -> 215.76 | C7: =Data!F7 -> 199 | D7: =Model!$C$20+Model!$C$19*(A7-1965) -> 228.14183 | E7: =Model!$C$15+Model!$C$14*(A7-1965) -> 210.3616
A8: 1971 | B8: =Data!E8 -> 222.92 | C8: =Data!F8 -> 204.56 | D8: =Model!$C$20+Model!$C$19*(A8-1965) -> 230.90266 | E8: =Model!$C$15+Model!$C$14*(A8-1965) -> 213.1808
A9: 1972 | B9: =Data!E9 -> 229.45 | C9: =Data!F9 -> 211.55 | D9: =Model!$C$20+Model!$C$19*(A9-1965) -> 233.66348 | E9: =Model!$C$15+Model!$C$14*(A9-1965) -> 216
A10: 1973 | B10: =Data!E10 -> 245.42 | C10: =Data!F10 -> 226.48 | D10: =Model!$C$20+Model!$C$19*(A10-1965) -> 236.42431 | E10: =Model!$C$15+Model!$C$14*(A10-1965) -> 218.8192
A11: 1974 | B11: =Data!E11 -> 237.21 | C11: =Data!F11 -> 219.64 | D11: =Model!$C$20+Model!$C$19*(A11-1965) -> 239.18514 | E11: =Model!$C$15+Model!$C$14*(A11-1965) -> 221.6384
A12: 1975 | B12: =Data!E12 -> 237.76 | C12: =Data!F12 -> 219.07 | D12: =Model!$C$20+Model!$C$19*(A12-1965) -> 241.94597 | E12: =Model!$C$15+Model!$C$14*(A12-1965) -> 224.4576
A13: 1976 | B13: =Data!E13 -> 240.22 | C13: =Data!F13 -> 222 | D13: =Model!$C$20+Model!$C$19*(A13-1965) -> 244.7068 | E13: =Model!$C$15+Model!$C$14*(A13-1965) -> 227.2768
... A57: 2020 | B57: =Data!E57 -> 296.1754 | C57: =Data!F57 -> 286.6395 | D57: =Model!$C$20+Model!$C$19*(A57-1965) -> 366.18328 | E57: =Model!$C$15+Model!$C$14*(A57-1965) -> 351.32157
A58: 2021 | B58: =Data!E58 -> 292.9727 | C58: =Data!F58 -> 290.6887 | D58: =Model!$C$20+Model!$C$19*(A58-1965) -> 368.94411 | E58: =Model!$C$15+Model!$C$14*(A58-1965) -> 354.14076 | F58: =Model!$C$25+Model!$C$27*(A58-Model!$C$6) -> 368.94411
A59: 2022 | B59: =Data!E59 -> 310.3539 | C59: =Data!F59 -> 277.9878 | D59: =Model!$C$20+Model!$C$19*(A59-1965) -> 371.70494 | E59: =Model!$C$15+Model!$C$14*(A59-1965) -> 356.95996 | F59: =Model!$C$25+Model!$C$27*(A59-Model!$C$6) -> 370.98418
A60: 2023 | B60: =Data!E60 -> 279.1759 | C60: =Data!F60 -> 274.329 | D60: =Model!$C$20+Model!$C$19*(A60-1965) -> 374.46576 | E60: =Model!$C$15+Model!$C$14*(A60-1965) -> 359.77916 | F60: =Model!$C$25+Model!$C$27*(A60-Model!$C$6) -> 373.02426
A61: 2024 | B61: =Data!E61 -> 270.8809 | C61: =Data!F61 -> 276.8221 | D61: =Model!$C$20+Model!$C$19*(A61-1965) -> 377.22659 | E61: =Model!$C$15+Model!$C$14*(A61-1965) -> 362.59836 | F61: =Model!$C$25+Model!$C$27*(A61-Model!$C$6) -> 375.06433
A62: 2025 | B62: =Data!E62 -> 278.8474 | C62: =Data!F62 -> 280.2018 | D62: =Model!$C$20+Model!$C$19*(A62-1965) -> 379.98742 | E62: =Model!$C$15+Model!$C$14*(A62-1965) -> 365.41756 | F62: =Model!$C$25+Model!$C$27*(A62-Model!$C$6) -> 377.10441
A63: 2026 | D63: =Model!$C$20+Model!$C$19*(A63-1965) -> 382.74825 | E63: =Model!$C$15+Model!$C$14*(A63-1965) -> 368.23676 | F63: =Model!$C$25+Model!$C$27*(A63-Model!$C$6) -> 379.14449
A64: 2027 | D64: =Model!$C$20+Model!$C$19*(A64-1965) -> 385.50908 | E64: =Model!$C$15+Model!$C$14*(A64-1965) -> 371.05596 | F64: =Model!$C$25+Model!$C$27*(A64-Model!$C$6) -> 381.18456
A65: 2028 | D65: =Model!$C$20+Model!$C$19*(A65-1965) -> 388.26991 | E65: =Model!$C$15+Model!$C$14*(A65-1965) -> 373.87516 | F65: =Model!$C$25+Model!$C$27*(A65-Model!$C$6) -> 383.22464
A66: 2029 | D66: =Model!$C$20+Model!$C$19*(A66-1965) -> 391.03074 | E66: =Model!$C$15+Model!$C$14*(A66-1965) -> 376.69436 | F66: =Model!$C$25+Model!$C$27*(A66-Model!$C$6) -> 385.26472
A67: 2030 | D67: =Model!$C$20+Model!$C$19*(A67-1965) -> 393.79157 | E67: =Model!$C$15+Model!$C$14*(A67-1965) -> 379.51356 | F67: =Model!$C$25+Model!$C$27*(A67-Model!$C$6) -> 387.30479
A68: 2031 | D68: =Model!$C$20+Model!$C$19*(A68-1965) -> 396.5524 | E68: =Model!$C$15+Model!$C$14*(A68-1965) -> 382.33276 | F68: =Model!$C$25+Model!$C$27*(A68-Model!$C$6) -> 389.34487
A69: 2032 | D69: =Model!$C$20+Model!$C$19*(A69-1965) -> 399.31323 | E69: =Model!$C$15+Model!$C$14*(A69-1965) -> 385.15196 | F69: =Model!$C$25+Model!$C$27*(A69-Model!$C$6) -> 391.38494
A70: 2033 | D70: =Model!$C$20+Model!$C$19*(A70-1965) -> 402.07406 | E70: =Model!$C$15+Model!$C$14*(A70-1965) -> 387.97116 | F70: =Model!$C$25+Model!$C$27*(A70-Model!$C$6) -> 393.42502
A71: 2034 | D71: =Model!$C$20+Model!$C$19*(A71-1965) -> 404.83488 | E71: =Model!$C$15+Model!$C$14*(A71-1965) -> 390.79036 | F71: =Model!$C$25+Model!$C$27*(A71-Model!$C$6) -> 395.4651
A72: 2035 | D72: =Model!$C$20+Model!$C$19*(A72-1965) -> 407.59571 | E72: =Model!$C$15+Model!$C$14*(A72-1965) -> 393.60955 | F72: =Model!$C$25+Model!$C$27*(A72-Model!$C$6) -> 397.50517
A73: 2036 | D73: =Model!$C$20+Model!$C$19*(A73-1965) -> 410.35654 | E73: =Model!$C$15+Model!$C$14*(A73-1965) -> 396.42875 | F73: =Model!$C$25+Model!$C$27*(A73-Model!$C$6) -> 399.54525
A74: 2037 | D74: =Model!$C$20+Model!$C$19*(A74-1965) -> 413.11737 | E74: =Model!$C$15+Model!$C$14*(A74-1965) -> 399.24795 | F74: =Model!$C$25+Model!$C$27*(A74-Model!$C$6) -> 401.58532
... A77: 2040 | D77: =Model!$C$20+Model!$C$19*(A77-1965) -> 421.39986 | E77: =Model!$C$15+Model!$C$14*(A77-1965) -> 407.70555 | F77: =Model!$C$25+Model!$C$27*(A77-Model!$C$6) -> 407.70555
